<annotation>
	<folder>train</folder>
	<filename>Fc (4).jpg</filename>
	<path>C:\Users\Siddhant\Downloads\train-20200307T100438Z-001\train\Fc (4).jpg</path>
	<source>
		<database>Unknown</database>
	</source>
	<size>
		<width>300</width>
		<height>1300</height>
		<depth>3</depth>
	</size>
	<segmented>0</segmented>
	<object>
		<name>sname</name>
		<pose>Unspecified</pose>
		<truncated>0</truncated>
		<difficult>0</difficult>
		<bndbox>
			<xmin>40</xmin>
			<ymin>102</ymin>
			<xmax>282</xmax>
			<ymax>184</ymax>
		</bndbox>
	</object>
	<object>
		<name>sadd</name>
		<pose>Unspecified</pose>
		<truncated>0</truncated>
		<difficult>0</difficult>
		<bndbox>
			<xmin>48</xmin>
			<ymin>186</ymin>
			<xmax>272</xmax>
			<ymax>342</ymax>
		</bndbox>
	</object>
	<object>
		<name>date</name>
		<pose>Unspecified</pose>
		<truncated>0</truncated>
		<difficult>0</difficult>
		<bndbox>
			<xmin>48</xmin>
			<ymin>584</ymin>
			<xmax>266</xmax>
			<ymax>630</ymax>
		</bndbox>
	</object>
	<object>
		<name>bno</name>
		<pose>Unspecified</pose>
		<truncated>0</truncated>
		<difficult>0</difficult>
		<bndbox>
			<xmin>32</xmin>
			<ymin>616</ymin>
			<xmax>194</xmax>
			<ymax>654</ymax>
		</bndbox>
	</object>
	<object>
		<name>item</name>
		<pose>Unspecified</pose>
		<truncated>0</truncated>
		<difficult>0</difficult>
		<bndbox>
			<xmin>10</xmin>
			<ymin>732</ymin>
			<xmax>140</xmax>
			<ymax>816</ymax>
		</bndbox>
	</object>
	<object>
		<name>bill</name>
		<pose>Unspecified</pose>
		<truncated>0</truncated>
		<difficult>0</difficult>
		<bndbox>
			<xmin>142</xmin>
			<ymin>990</ymin>
			<xmax>296</xmax>
			<ymax>1038</ymax>
		</bndbox>
	</object>
</annotation>
