<annotation>
	<folder>test</folder>
	<filename>Max (8).jpg</filename>
	<path>C:\Users\Rittick Sinha Roy\Downloads\test-20200307T085805Z-001-20200307T110542Z-001\test-20200307T085805Z-001\test\Max (8).jpg</path>
	<source>
		<database>Unknown</database>
	</source>
	<size>
		<width>300</width>
		<height>1300</height>
		<depth>1</depth>
	</size>
	<segmented>0</segmented>
	<object>
		<name>sname</name>
		<pose>Unspecified</pose>
		<truncated>0</truncated>
		<difficult>0</difficult>
		<bndbox>
			<xmin>73</xmin>
			<ymin>162</ymin>
			<xmax>209</xmax>
			<ymax>176</ymax>
		</bndbox>
	</object>
	<object>
		<name>sadd</name>
		<pose>Unspecified</pose>
		<truncated>0</truncated>
		<difficult>0</difficult>
		<bndbox>
			<xmin>14</xmin>
			<ymin>179</ymin>
			<xmax>264</xmax>
			<ymax>224</ymax>
		</bndbox>
	</object>
	<object>
		<name>item</name>
		<pose>Unspecified</pose>
		<truncated>0</truncated>
		<difficult>0</difficult>
		<bndbox>
			<xmin>11</xmin>
			<ymin>480</ymin>
			<xmax>97</xmax>
			<ymax>496</ymax>
		</bndbox>
	</object>
	<object>
		<name>bill</name>
		<pose>Unspecified</pose>
		<truncated>0</truncated>
		<difficult>0</difficult>
		<bndbox>
			<xmin>5</xmin>
			<ymin>593</ymin>
			<xmax>261</xmax>
			<ymax>612</ymax>
		</bndbox>
	</object>
	<object>
		<name>date</name>
		<pose>Unspecified</pose>
		<truncated>0</truncated>
		<difficult>0</difficult>
		<bndbox>
			<xmin>4</xmin>
			<ymin>882</ymin>
			<xmax>141</xmax>
			<ymax>897</ymax>
		</bndbox>
	</object>
	<object>
		<name>bno</name>
		<pose>Unspecified</pose>
		<truncated>0</truncated>
		<difficult>0</difficult>
		<bndbox>
			<xmin>6</xmin>
			<ymin>896</ymin>
			<xmax>176</xmax>
			<ymax>914</ymax>
		</bndbox>
	</object>
</annotation>
