<annotation>
	<folder>test</folder>
	<filename>Ly (5).jpg</filename>
	<path>C:\Users\khabbu dabbu\Desktop\test-20200307T085805Z-001-20200307T100934Z-001\test-20200307T085805Z-001\test\Ly (5).jpg</path>
	<source>
		<database>Unknown</database>
	</source>
	<size>
		<width>300</width>
		<height>1300</height>
		<depth>1</depth>
	</size>
	<segmented>0</segmented>
	<object>
		<name>sname</name>
		<pose>Unspecified</pose>
		<truncated>0</truncated>
		<difficult>0</difficult>
		<bndbox>
			<xmin>19</xmin>
			<ymin>68</ymin>
			<xmax>195</xmax>
			<ymax>108</ymax>
		</bndbox>
	</object>
	<object>
		<name>sadd</name>
		<pose>Unspecified</pose>
		<truncated>0</truncated>
		<difficult>0</difficult>
		<bndbox>
			<xmin>11</xmin>
			<ymin>110</ymin>
			<xmax>259</xmax>
			<ymax>240</ymax>
		</bndbox>
	</object>
	<object>
		<name>bno</name>
		<pose>Unspecified</pose>
		<truncated>0</truncated>
		<difficult>0</difficult>
		<bndbox>
			<xmin>17</xmin>
			<ymin>396</ymin>
			<xmax>147</xmax>
			<ymax>444</ymax>
		</bndbox>
	</object>
	<object>
		<name>date</name>
		<pose>Unspecified</pose>
		<truncated>0</truncated>
		<difficult>0</difficult>
		<bndbox>
			<xmin>15</xmin>
			<ymin>500</ymin>
			<xmax>247</xmax>
			<ymax>534</ymax>
		</bndbox>
	</object>
	<object>
		<name>item</name>
		<pose>Unspecified</pose>
		<truncated>0</truncated>
		<difficult>0</difficult>
		<bndbox>
			<xmin>15</xmin>
			<ymin>698</ymin>
			<xmax>137</xmax>
			<ymax>764</ymax>
		</bndbox>
	</object>
	<object>
		<name>item</name>
		<pose>Unspecified</pose>
		<truncated>0</truncated>
		<difficult>0</difficult>
		<bndbox>
			<xmin>21</xmin>
			<ymin>764</ymin>
			<xmax>157</xmax>
			<ymax>836</ymax>
		</bndbox>
	</object>
	<object>
		<name>bill</name>
		<pose>Unspecified</pose>
		<truncated>0</truncated>
		<difficult>0</difficult>
		<bndbox>
			<xmin>19</xmin>
			<ymin>1122</ymin>
			<xmax>285</xmax>
			<ymax>1170</ymax>
		</bndbox>
	</object>
</annotation>
