<annotation>
	<folder>train</folder>
	<filename>HM (7).jpg</filename>
	<path>C:\Users\Siddhant\Downloads\train-20200307T100438Z-001\train\HM (7).jpg</path>
	<source>
		<database>Unknown</database>
	</source>
	<size>
		<width>300</width>
		<height>1300</height>
		<depth>3</depth>
	</size>
	<segmented>0</segmented>
	<object>
		<name>sname</name>
		<pose>Unspecified</pose>
		<truncated>0</truncated>
		<difficult>0</difficult>
		<bndbox>
			<xmin>45</xmin>
			<ymin>126</ymin>
			<xmax>248</xmax>
			<ymax>165</ymax>
		</bndbox>
	</object>
	<object>
		<name>sadd</name>
		<pose>Unspecified</pose>
		<truncated>0</truncated>
		<difficult>0</difficult>
		<bndbox>
			<xmin>19</xmin>
			<ymin>151</ymin>
			<xmax>267</xmax>
			<ymax>224</ymax>
		</bndbox>
	</object>
	<object>
		<name>date</name>
		<pose>Unspecified</pose>
		<truncated>0</truncated>
		<difficult>0</difficult>
		<bndbox>
			<xmin>23</xmin>
			<ymin>347</ymin>
			<xmax>123</xmax>
			<ymax>374</ymax>
		</bndbox>
	</object>
	<object>
		<name>bno</name>
		<pose>Unspecified</pose>
		<truncated>0</truncated>
		<difficult>0</difficult>
		<bndbox>
			<xmin>186</xmin>
			<ymin>322</ymin>
			<xmax>252</xmax>
			<ymax>349</ymax>
		</bndbox>
	</object>
	<object>
		<name>item</name>
		<pose>Unspecified</pose>
		<truncated>0</truncated>
		<difficult>0</difficult>
		<bndbox>
			<xmin>28</xmin>
			<ymin>431</ymin>
			<xmax>98</xmax>
			<ymax>459</ymax>
		</bndbox>
	</object>
	<object>
		<name>bill</name>
		<pose>Unspecified</pose>
		<truncated>0</truncated>
		<difficult>0</difficult>
		<bndbox>
			<xmin>19</xmin>
			<ymin>526</ymin>
			<xmax>251</xmax>
			<ymax>582</ymax>
		</bndbox>
	</object>
</annotation>
