<annotation>
	<folder>train</folder>
	<filename>St (10).jpg</filename>
	<path>C:\Users\Rittick Sinha Roy\Downloads\train-20200307T104048Z-001\train\St (10).jpg</path>
	<source>
		<database>Unknown</database>
	</source>
	<size>
		<width>300</width>
		<height>1300</height>
		<depth>1</depth>
	</size>
	<segmented>0</segmented>
	<object>
		<name>sname</name>
		<pose>Unspecified</pose>
		<truncated>0</truncated>
		<difficult>0</difficult>
		<bndbox>
			<xmin>74</xmin>
			<ymin>156</ymin>
			<xmax>210</xmax>
			<ymax>176</ymax>
		</bndbox>
	</object>
	<object>
		<name>sadd</name>
		<pose>Unspecified</pose>
		<truncated>0</truncated>
		<difficult>0</difficult>
		<bndbox>
			<xmin>78</xmin>
			<ymin>233</ymin>
			<xmax>204</xmax>
			<ymax>280</ymax>
		</bndbox>
	</object>
	<object>
		<name>bno</name>
		<pose>Unspecified</pose>
		<truncated>0</truncated>
		<difficult>0</difficult>
		<bndbox>
			<xmin>25</xmin>
			<ymin>372</ymin>
			<xmax>144</xmax>
			<ymax>384</ymax>
		</bndbox>
	</object>
	<object>
		<name>date</name>
		<pose>Unspecified</pose>
		<truncated>0</truncated>
		<difficult>0</difficult>
		<bndbox>
			<xmin>19</xmin>
			<ymin>390</ymin>
			<xmax>132</xmax>
			<ymax>413</ymax>
		</bndbox>
	</object>
	<object>
		<name>item</name>
		<pose>Unspecified</pose>
		<truncated>0</truncated>
		<difficult>0</difficult>
		<bndbox>
			<xmin>23</xmin>
			<ymin>475</ymin>
			<xmax>164</xmax>
			<ymax>491</ymax>
		</bndbox>
	</object>
	<object>
		<name>item</name>
		<pose>Unspecified</pose>
		<truncated>0</truncated>
		<difficult>0</difficult>
		<bndbox>
			<xmin>27</xmin>
			<ymin>508</ymin>
			<xmax>161</xmax>
			<ymax>527</ymax>
		</bndbox>
	</object>
	<object>
		<name>bill</name>
		<pose>Unspecified</pose>
		<truncated>0</truncated>
		<difficult>0</difficult>
		<bndbox>
			<xmin>24</xmin>
			<ymin>552</ymin>
			<xmax>268</xmax>
			<ymax>577</ymax>
		</bndbox>
	</object>
</annotation>
