<annotation>
	<folder>test</folder>
	<filename>Met (7).jpg</filename>
	<path>C:\Users\Rittick Sinha Roy\Downloads\test-20200307T085805Z-001-20200307T110542Z-001\test-20200307T085805Z-001\test\Met (7).jpg</path>
	<source>
		<database>Unknown</database>
	</source>
	<size>
		<width>300</width>
		<height>1300</height>
		<depth>1</depth>
	</size>
	<segmented>0</segmented>
	<object>
		<name>sname</name>
		<pose>Unspecified</pose>
		<truncated>0</truncated>
		<difficult>0</difficult>
		<bndbox>
			<xmin>89</xmin>
			<ymin>115</ymin>
			<xmax>195</xmax>
			<ymax>154</ymax>
		</bndbox>
	</object>
	<object>
		<name>sadd</name>
		<pose>Unspecified</pose>
		<truncated>0</truncated>
		<difficult>0</difficult>
		<bndbox>
			<xmin>11</xmin>
			<ymin>184</ymin>
			<xmax>295</xmax>
			<ymax>241</ymax>
		</bndbox>
	</object>
	<object>
		<name>bno</name>
		<pose>Unspecified</pose>
		<truncated>0</truncated>
		<difficult>0</difficult>
		<bndbox>
			<xmin>7</xmin>
			<ymin>274</ymin>
			<xmax>102</xmax>
			<ymax>294</ymax>
		</bndbox>
	</object>
	<object>
		<name>date</name>
		<pose>Unspecified</pose>
		<truncated>0</truncated>
		<difficult>0</difficult>
		<bndbox>
			<xmin>107</xmin>
			<ymin>275</ymin>
			<xmax>259</xmax>
			<ymax>293</ymax>
		</bndbox>
	</object>
	<object>
		<name>item</name>
		<pose>Unspecified</pose>
		<truncated>0</truncated>
		<difficult>0</difficult>
		<bndbox>
			<xmin>5</xmin>
			<ymin>569</ymin>
			<xmax>124</xmax>
			<ymax>589</ymax>
		</bndbox>
	</object>
	<object>
		<name>bill</name>
		<pose>Unspecified</pose>
		<truncated>0</truncated>
		<difficult>0</difficult>
		<bndbox>
			<xmin>12</xmin>
			<ymin>827</ymin>
			<xmax>285</xmax>
			<ymax>846</ymax>
		</bndbox>
	</object>
</annotation>
