<annotation>
	<folder>test</folder>
	<filename>Cr (7).jpg</filename>
	<path>C:\Users\khabbu dabbu\Desktop\test-20200307T085805Z-001-20200307T100934Z-001\test-20200307T085805Z-001\test\Cr (7).jpg</path>
	<source>
		<database>Unknown</database>
	</source>
	<size>
		<width>300</width>
		<height>1300</height>
		<depth>1</depth>
	</size>
	<segmented>0</segmented>
	<object>
		<name>sname</name>
		<pose>Unspecified</pose>
		<truncated>0</truncated>
		<difficult>0</difficult>
		<bndbox>
			<xmin>37</xmin>
			<ymin>73</ymin>
			<xmax>216</xmax>
			<ymax>100</ymax>
		</bndbox>
	</object>
	<object>
		<name>sadd</name>
		<pose>Unspecified</pose>
		<truncated>0</truncated>
		<difficult>0</difficult>
		<bndbox>
			<xmin>13</xmin>
			<ymin>1014</ymin>
			<xmax>257</xmax>
			<ymax>1075</ymax>
		</bndbox>
	</object>
	<object>
		<name>bill</name>
		<pose>Unspecified</pose>
		<truncated>0</truncated>
		<difficult>0</difficult>
		<bndbox>
			<xmin>16</xmin>
			<ymin>716</ymin>
			<xmax>277</xmax>
			<ymax>739</ymax>
		</bndbox>
	</object>
	<object>
		<name>item</name>
		<pose>Unspecified</pose>
		<truncated>0</truncated>
		<difficult>0</difficult>
		<bndbox>
			<xmin>16</xmin>
			<ymin>518</ymin>
			<xmax>124</xmax>
			<ymax>535</ymax>
		</bndbox>
	</object>
	<object>
		<name>item</name>
		<pose>Unspecified</pose>
		<truncated>0</truncated>
		<difficult>0</difficult>
		<bndbox>
			<xmin>13</xmin>
			<ymin>590</ymin>
			<xmax>202</xmax>
			<ymax>609</ymax>
		</bndbox>
	</object>
	<object>
		<name>item</name>
		<pose>Unspecified</pose>
		<truncated>0</truncated>
		<difficult>0</difficult>
		<bndbox>
			<xmin>8</xmin>
			<ymin>646</ymin>
			<xmax>221</xmax>
			<ymax>668</ymax>
		</bndbox>
	</object>
	<object>
		<name>bno</name>
		<pose>Unspecified</pose>
		<truncated>0</truncated>
		<difficult>0</difficult>
		<bndbox>
			<xmin>16</xmin>
			<ymin>294</ymin>
			<xmax>124</xmax>
			<ymax>310</ymax>
		</bndbox>
	</object>
	<object>
		<name>date</name>
		<pose>Unspecified</pose>
		<truncated>0</truncated>
		<difficult>0</difficult>
		<bndbox>
			<xmin>138</xmin>
			<ymin>290</ymin>
			<xmax>282</xmax>
			<ymax>308</ymax>
		</bndbox>
	</object>
</annotation>
